{
  "project_info": {
    "project_number": "174717297403",
    "project_id": "textmessagegen",
    "storage_bucket": "textmessagegen.appspot.com"
  },
  "client": [
    {
      "client_info": {
        "mobilesdk_app_id": "1:174717297403:android:b53ad8e10603e50ae5865e",
        "android_client_info": {
          "package_name": "com.example.textgen"
        }
      },
      "oauth_client": [
        {
          "client_id": "174717297403-rmhv67sas725rnnohpdd84pekd84bi78.apps.googleusercontent.com",
          "client_type": 1,
          "android_info": {
            "package_name": "com.example.textgen",
            "certificate_hash": "e4c935ee9b330b88eaeb64e3228fae9febd3f6fb"
          }
        },
        {
          "client_id": "174717297403-ari37oaqa02oadle047q66puq7v0kqqq.apps.googleusercontent.com",
          "client_type": 3
        }
      ],
      "api_key": [
        {
          "current_key": "AIzaSyA4PnL1qmLbvUYAbL6FeJipkgE-aged21E"
        }
      ],
      "services": {
        "appinvite_service": {
          "other_platform_oauth_client": [
            {
              "client_id": "174717297403-ari37oaqa02oadle047q66puq7v0kqqq.apps.googleusercontent.com",
              "client_type": 3
            }
          ]
        }
      }
    }
  ],
  "configuration_version": "1"
}